time,lng,lat,speed,direction
"","119.591607","26.474198","",""
"","119.54132","26.48973","",""
"","119.438016","26.54388","",""
"2026-04-28 00:00:00","119.597851","26.463695","25",""
"2026-04-28 00:00:03","119.597854","26.463892","27",""
"2026-04-28 00:00:20","119.597842","26.464973","29",""
"2026-04-28 00:00:37","119.597832","26.466705","42",""
"2026-04-28 00:00:44","119.597846","26.467314","16",""
"2026-04-28 00:01:03","119.597855","26.467352","0",""
"2026-04-28 00:01:16","119.59786","26.468281","37",""
"2026-04-28 00:01:22","119.597854","26.46882","37",""
"2026-04-28 00:01:33","119.597881","26.47002","46",""
"2026-04-28 00:01:36","119.597881","26.470341","38",""
"2026-04-28 00:01:42","119.598015","26.470669","18",""
"2026-04-28 00:01:45","119.598162","26.470694","19",""
"2026-04-28 00:01:49","119.598331","26.470624","15",""
"2026-04-28 00:02:03","119.598696","26.470334","32",""
"2026-04-28 00:02:33","119.600247","26.468485","32",""
"2026-04-28 00:02:36","119.600098","26.468724","40",""
"2026-04-28 00:02:37","119.600042","26.468814","41",""
"2026-04-28 00:03:03","119.598568","26.470703","8",""
"2026-04-28 00:03:33","119.598568","26.470703","0",""
"2026-04-28 00:03:36","119.598568","26.470703","0",""
"2026-04-28 00:03:59","119.597785","26.47107","15",""
"2026-04-28 00:04:02","119.597761","26.470928","22",""
"2026-04-28 00:04:03","119.597764","26.470867","26",""
"2026-04-28 00:04:05","119.597774","26.470725","32",""
"2026-04-28 00:04:33","119.597802","26.468109","5",""
"2026-04-28 00:05:03","119.597825","26.466546","53",""
"2026-04-28 00:05:33","119.597787","26.46404","23",""
"2026-04-28 00:05:39","119.597693","26.463726","25",""
"2026-04-28 00:05:43","119.597414","26.46365","28",""
"2026-04-28 00:06:03","119.596982","26.463657","12",""
"2026-04-28 00:06:30","119.594364","26.463788","24",""
"2026-04-28 00:06:33","119.594302","26.464003","29",""
"2026-04-28 00:06:58","119.594284","26.466644","29",""
"2026-04-28 00:07:03","119.59429","26.466962","19",""
"2026-04-28 00:07:30","119.594252","26.469196","64",""
"2026-04-28 00:07:33","119.59425","26.469657","60",""
"2026-04-28 00:08:03","119.594211","26.473272","17",""
"2026-04-28 00:08:52","119.594205","26.473513","21",""
"2026-04-28 00:09:01","119.593868","26.474035","40",""
"2026-04-28 00:09:03","119.59368","26.474146","40",""
"2026-04-28 00:09:33","119.589983","26.475639","39",""
"2026-04-28 00:10:02","119.58671","26.47601","44",""
"2026-04-28 00:10:17","119.585537","26.476292","32",""
"2026-04-28 00:10:18","119.58552","26.476375","35",""
"2026-04-28 00:10:29","119.584862","26.476922","40",""
"2026-04-28 00:10:33","119.584361","26.476818","51",""
"2026-04-28 00:11:03","119.579695","26.476019","47",""
"2026-04-28 00:11:33","119.577214","26.476265","0",""
"2026-04-28 00:12:03","119.577214","26.476265","0",""
"2026-04-28 00:12:20","119.576795","26.475926","12",""
"2026-04-28 00:12:27","119.576423","26.475892","30",""
"2026-04-28 00:12:33","119.575879","26.475853","33",""
"2026-04-28 00:12:52","119.575128","26.475885","0",""
"2026-04-28 00:12:59","119.57507","26.475925","7",""
"2026-04-28 00:13:03","119.575061","26.476072","17",""
"2026-04-28 00:13:33","119.57519","26.476532","0",""
"2026-04-28 00:13:36","119.575265","26.476593","8",""
"2026-04-28 00:13:40","119.57544","26.476586","25",""
"2026-04-28 00:13:56","119.576505","26.476458","15",""
"2026-04-28 00:14:01","119.576193","26.476517","27",""
"2026-04-28 00:14:03","119.576014","26.476558","35",""
"2026-04-28 00:14:04","119.575918","26.476577","36",""
"2026-04-28 00:14:26","119.573271","26.477427","52",""
"2026-04-28 00:14:33","119.572379","26.4779","53",""
"2026-04-28 00:15:02","119.568645","26.480039","52",""
"2026-04-28 00:15:33","119.56729","26.480865","25",""
"2026-04-28 00:16:03","119.56443","26.482821","11",""
"2026-04-28 00:16:33","119.562794","26.483945","49",""
"2026-04-28 00:17:03","119.55887","26.484985","45",""
"2026-04-28 00:17:33","119.554732","26.485841","49",""
"2026-04-28 00:18:03","119.553571","26.486572","38",""
"2026-04-28 00:18:04","119.553556","26.486672","42",""
"2026-04-28 00:18:33","119.552994","26.490126","40",""
"2026-04-28 00:18:47","119.552909","26.490809","18",""
"2026-04-28 00:18:51","119.553076","26.490974","28",""
"2026-04-28 00:18:58","119.553612","26.491022","33",""
"2026-04-28 00:19:03","119.554078","26.491036","34",""
"2026-04-28 00:19:21","119.555314","26.491116","6",""
"2026-04-28 00:19:33","119.555329","26.49114","0",""
"2026-04-28 00:19:40","119.555432","26.491137","12",""
"2026-04-28 00:19:42","119.555522","26.491112","20",""
"2026-04-28 00:20:02","119.556708","26.491008","15",""
"2026-04-28 00:20:03","119.55672","26.490966","19",""
"2026-04-28 00:20:06","119.556751","26.49078","30",""
"2026-04-28 00:20:28","119.557051","26.489135","12",""
"2026-04-28 00:20:31","119.55722","26.489059","25",""
"2026-04-28 00:20:32","119.55731","26.489059","31",""
"2026-04-28 00:20:46","119.559185","26.489104","51",""
"2026-04-28 00:21:01","119.561193","26.489153","50",""
"2026-04-28 00:21:16","119.563468","26.489184","55",""
"2026-04-28 00:21:26","119.564515","26.48898","30",""
"2026-04-28 00:21:30","119.564785","26.488496","49",""
"2026-04-28 00:21:44","119.56511","26.487276","39",""
"2026-04-28 00:21:46","119.565008","26.487051","50",""
"2026-04-28 00:21:56","119.565209","26.48568","59",""
"2026-04-28 00:22:01","119.56558","26.485046","55",""
"2026-04-28 00:22:14","119.56551","26.484131","34",""
"2026-04-28 00:22:16","119.565273","26.483955","53",""
"2026-04-28 00:22:31","119.564226","26.482903","27",""
"2026-04-28 00:22:36","119.564634","26.482597","32",""
"2026-04-28 00:22:39","119.56497","26.482358","54",""
"2026-04-28 00:22:46","119.565827","26.481781","54",""
"2026-04-28 00:23:01","119.567044","26.48091","9",""
"2026-04-28 00:23:16","119.56755","26.480561","47",""
"2026-04-28 00:23:31","119.569875","26.479252","76",""
"2026-04-28 00:23:46","119.57263","26.477682","77",""
"2026-04-28 00:24:01","119.575315","26.476638","53",""
"2026-04-28 00:24:16","119.576595","26.476359","0",""
"2026-04-28 00:24:46","119.576595","26.476359","0",""
"2026-04-28 00:25:01","119.577098","26.476254","40",""
"2026-04-28 00:25:16","119.579427","26.475978","65",""
"2026-04-28 00:25:31","119.582365","26.476233","74",""
"2026-04-28 00:25:46","119.584935","26.476811","37",""
"2026-04-28 00:25:53","119.58537","26.476577","28",""
"2026-04-28 00:26:01","119.585655","26.47596","38",""
"2026-04-28 00:26:05","119.586119","26.475918","47",""
"2026-04-28 00:26:16","119.587871","26.475885","60",""
"2026-04-28 00:26:31","119.59026","26.47546","57",""
"2026-04-28 00:26:45","119.591149","26.474942","5",""
"2026-04-28 00:26:46","119.591149","26.474942","0",""
"2026-04-28 00:27:01","119.5911","26.47428","16",""
"2026-04-28 00:27:16","119.59111","26.473126","36",""
"2026-04-28 00:27:28","119.591302","26.472573","20",""
"2026-04-28 00:27:31","119.591498","26.472564","24",""
"2026-04-28 00:27:46","119.591678","26.472567","0",""
"2026-04-28 00:27:55","119.591678","26.472567","0",""
"2026-04-28 00:28:16","119.592067","26.47263","17",""
"2026-04-28 00:28:29","119.59259","26.472711","13",""
"2026-04-28 00:28:32","119.592601","26.472834","17",""
"2026-04-28 00:28:45","119.59259","26.473468","11",""
"2026-04-28 00:29:15","119.592609","26.473586","0",""
"2026-04-28 00:30:16","119.592488","26.47424","6",""
"2026-04-28 00:30:18","119.59245","26.474228","6",""
"2026-04-28 00:30:21","119.592393","26.474225","8",""
"2026-04-28 00:30:46","119.591607","26.474198","0",""
"2026-04-28 00:52:23","119.591644","26.474254","0",""
"2026-04-28 00:52:29","119.591756","26.474237","8",""
"2026-04-28 00:52:35","119.591779","26.474399","7",""
"2026-04-28 00:52:41","119.591791","26.474479","6",""
"2026-04-28 00:52:45","119.59191","26.47452","11",""
"2026-04-28 00:52:53","119.591994","26.47464","6",""
"2026-04-28 00:52:56","119.592005","26.474699","7",""
"2026-04-28 00:53:15","119.592125","26.474768","6",""
"2026-04-28 00:53:18","119.592201","26.474748","8",""
"2026-04-28 00:53:23","119.592275","26.474714","0",""
"2026-04-28 00:53:53","119.592275","26.474714","0",""
"2026-04-28 00:54:06","119.59223","26.474852","13",""
"2026-04-28 00:54:07","119.592202","26.474875","15",""
"2026-04-28 00:54:08","119.592169","26.474903","17",""
"2026-04-28 00:54:11","119.592026","26.47498","22",""
"2026-04-28 00:54:26","119.591068","26.475341","22",""
"2026-04-28 00:54:41","119.589985","26.475674","27",""
"2026-04-28 00:54:56","119.58963","26.475756","0",""
"2026-04-28 00:55:26","119.58963","26.475756","0",""
"2026-04-28 00:55:41","119.58905","26.475857","42",""
"2026-04-28 00:55:57","119.586605","26.476026","65",""
"2026-04-28 00:56:07","119.585553","26.476269","27",""
"2026-04-28 00:56:09","119.58551","26.476395","24",""
"2026-04-28 00:56:11","119.585498","26.476516","26",""
"2026-04-28 00:56:15","119.585365","26.476797","35",""
"2026-04-28 00:56:19","119.585003","26.476935","39",""
"2026-04-28 00:56:26","119.58404","26.476722","64",""
"2026-04-28 00:56:27","119.583867","26.47667","65",""
"2026-04-28 00:56:41","119.581186","26.476147","77",""
"2026-04-28 00:56:55","119.57866","26.476116","55",""
"2026-04-28 00:56:56","119.578367","26.476153","49",""
"2026-04-28 00:57:11","119.577256","26.476304","0",""
"2026-04-28 00:58:26","119.577256","26.476304","0",""
"2026-04-28 00:58:41","119.57576","26.476577","65",""
"2026-04-28 00:58:56","119.572805","26.477643","85",""
"2026-04-28 00:59:11","119.569843","26.479334","78",""
"2026-04-28 00:59:26","119.567627","26.480643","22",""
"2026-04-28 00:59:41","119.567544","26.480698","0",""
"2026-04-28 01:00:11","119.567544","26.480698","0",""
"2026-04-28 01:00:26","119.565955","26.481844","75",""
"2026-04-28 01:00:41","119.563867","26.483254","60",""
"2026-04-28 01:00:56","119.561645","26.48455","72",""
"2026-04-28 01:01:11","119.558397","26.48505","80",""
"2026-04-28 01:01:27","119.555369","26.485606","68",""
"2026-04-28 01:01:41","119.553645","26.48626","15",""
"2026-04-28 01:01:43","119.553579","26.486384","20",""
"2026-04-28 01:01:45","119.55354","26.48657","31",""
"2026-04-28 01:02:11","119.553195","26.48864","0",""
"2026-04-28 01:02:26","119.553195","26.48864","0",""
"2026-04-28 01:02:41","119.552976","26.490014","47",""
"2026-04-28 01:02:54","119.552774","26.490873","10",""
"2026-04-28 01:02:56","119.552711","26.490854","14",""
"2026-04-28 01:02:57","119.552679","26.490835","15",""
"2026-04-28 01:03:00","119.552661","26.49077","5",""
"2026-04-28 01:03:11","119.552671","26.49077","0",""
"2026-04-28 01:03:26","119.552678","26.490719","6",""
"2026-04-28 01:03:41","119.552802","26.489913","27",""
"2026-04-28 01:03:55","119.5527","26.489135","23",""
"2026-04-28 01:03:56","119.552622","26.489125","28",""
"2026-04-28 01:04:11","119.551123","26.489055","37",""
"2026-04-28 01:04:41","119.54767","26.48891","40",""
"2026-04-28 01:05:11","119.54499","26.489294","39",""
"2026-04-28 01:05:41","119.542506","26.489654","20",""
"2026-04-28 01:05:54","119.54204","26.489505","8",""
"2026-04-28 01:06:11","119.542011","26.489509","0",""
"2026-04-28 01:07:41","119.542011","26.489509","0",""
"2026-04-28 01:08:11","119.54191","26.48955","5",""
"2026-04-28 01:08:41","119.54132","26.48973","0",""
"2026-04-28 11:06:03","119.541309","26.48985","0",""
"2026-04-28 11:06:11","119.541218","26.489788","5",""
"2026-04-28 11:06:15","119.541273","26.489695","11",""
"2026-04-28 11:06:18","119.54142","26.489654","22",""
"2026-04-28 11:06:33","119.542259","26.489405","28",""
"2026-04-28 11:06:34","119.54233","26.48936","31",""
"2026-04-28 11:06:47","119.542876","26.488838","24",""
"2026-04-28 11:07:04","119.542732","26.488305","0",""
"2026-04-28 11:09:04","119.542732","26.488305","0",""
"2026-04-28 11:09:34","119.542771","26.487341","5",""
"2026-04-28 11:10:04","119.542771","26.487341","0",""
"2026-04-28 11:10:34","119.542893","26.487069","24",""
"2026-04-28 11:10:36","119.543028","26.487027","28",""
"2026-04-28 11:10:41","119.543563","26.487037","47",""
"2026-04-28 11:11:04","119.546046","26.48709","15",""
"2026-04-28 11:11:34","119.549442","26.487117","51",""
"2026-04-28 11:12:03","119.553038","26.486335","0",""
"2026-04-28 11:12:34","119.553038","26.486335","0",""
"2026-04-28 11:13:04","119.557758","26.485092","84",""
"2026-04-28 11:13:26","119.562408","26.484179","57",""
"2026-04-28 11:13:34","119.563416","26.483447","50",""
"2026-04-28 11:14:04","119.56698","26.480997","31",""
"2026-04-28 11:14:34","119.567113","26.480897","0",""
"2026-04-28 11:15:04","119.57095","26.478674","81",""
"2026-04-28 11:15:34","119.576231","26.476455","17",""
"2026-04-28 11:16:04","119.576575","26.476389","28",""
"2026-04-28 11:16:33","119.580794","26.47606","64",""
"2026-04-28 11:16:34","119.580969","26.476078","63",""
"2026-04-28 11:17:04","119.585284","26.476812","17",""
"2026-04-28 11:17:05","119.585319","26.47676","18",""
"2026-04-28 11:17:08","119.585364","26.476577","24",""
"2026-04-28 11:17:18","119.585819","26.475926","44",""
"2026-04-28 11:17:22","119.586431","26.475918","61",""
"2026-04-28 11:17:33","119.588385","26.475825","42",""
"2026-04-28 11:18:04","119.58933","26.475684","41",""
"2026-04-28 11:18:34","119.593843","26.473976","48",""
"2026-04-28 11:18:38","119.594273","26.473684","45",""
"2026-04-28 11:19:04","119.597252","26.471613","9",""
"2026-04-28 11:19:34","119.599581","26.469295","68",""
"2026-04-28 11:20:04","119.600361","26.467987","31",""
"2026-04-28 11:20:29","119.601417","26.464294","50",""
"2026-04-28 11:20:34","119.601399","26.463853","26",""
"2026-04-28 11:20:37","119.601214","26.463688","27",""
"2026-04-28 11:20:42","119.600589","26.463657","54",""
"2026-04-28 11:21:07","119.598755","26.463511","23",""
"2026-04-28 11:21:10","119.598935","26.463498","19",""
"2026-04-28 11:21:21","119.599047","26.463152","22",""
"2026-04-28 11:21:23","119.599037","26.462983","22",""
"2026-04-28 11:21:33","119.599095","26.462443","22",""
"2026-04-28 11:27:10","119.598085","26.461379","15",""
"2026-04-28 11:27:20","119.597819","26.461286","15",""
"2026-04-28 11:27:24","119.597825","26.460965","40",""
"2026-04-28 11:27:34","119.59783","26.459769","44",""
"2026-04-28 11:28:04","119.597763","26.45932","0",""
"2026-04-28 11:28:14","119.597763","26.45932","0",""
"2026-04-28 11:28:34","119.59786","26.458456","47",""
"2026-04-28 11:28:38","119.59786","26.45793","57",""
"2026-04-28 11:28:58","119.597665","26.455365","24",""
"2026-04-28 11:29:01","119.597319","26.455293","40",""
"2026-04-28 11:29:04","119.596861","26.455223","60",""
"2026-04-28 11:29:34","119.594769","26.454923","0",""
"2026-04-28 11:30:04","119.591408","26.454436","63",""
"2026-04-28 11:30:34","119.589641","26.45416","0",""
"2026-04-28 11:31:04","119.586039","26.45302","40",""
"2026-04-28 11:31:11","119.585662","26.453389","34",""
"2026-04-28 11:31:13","119.58566","26.453649","56",""
"2026-04-28 11:32:04","119.585593","26.45605","32",""
"2026-04-28 11:32:07","119.5856","26.456351","47",""
"2026-04-28 11:32:34","119.585548","26.458854","0",""
"2026-04-28 11:33:04","119.585548","26.458854","0",""
"2026-04-28 11:33:20","119.584963","26.459262","49",""
"2026-04-28 11:33:29","119.583376","26.459278","73",""
"2026-04-28 11:33:34","119.58233","26.459281","75",""
"2026-04-28 11:34:03","119.57709","26.459575","26",""
"2026-04-28 11:34:06","119.577","26.459821","39",""
"2026-04-28 11:34:07","119.577003","26.459924","44",""
"2026-04-28 11:34:27","119.57697","26.463107","77",""
"2026-04-28 11:34:54","119.57697","26.467062","22",""
"2026-04-28 11:35:18","119.57698","26.46786","5",""
"2026-04-28 11:35:44","119.576976","26.469795","50",""
"2026-04-28 11:35:56","119.57695","26.471759","68",""
"2026-04-28 11:36:00","119.576949","26.472438","67",""
"2026-04-28 11:36:11","119.576948","26.47387","35",""
"2026-04-28 11:36:30","119.576971","26.476023","39",""
"2026-04-28 11:36:34","119.576942","26.476297","20",""
"2026-04-28 11:36:37","119.57678","26.476413","25",""
"2026-04-28 11:37:04","119.572303","26.47798","74",""
"2026-04-28 11:37:34","119.567301","26.480903","55",""
"2026-04-28 11:38:04","119.562898","26.48391","64",""
"2026-04-28 11:38:34","119.55714","26.48526","74",""
"2026-04-28 11:39:04","119.553173","26.48635","31",""
"2026-04-28 11:39:34","119.549571","26.487213","47",""
"2026-04-28 11:40:04","119.547128","26.487145","0",""
"2026-04-28 11:40:34","119.546446","26.487133","27",""
"2026-04-28 11:40:35","119.546369","26.487133","28",""
"2026-04-28 11:41:04","119.543549","26.487082","37",""
"2026-04-28 11:41:14","119.543229","26.487078","0",""
"2026-04-28 11:42:17","119.543229","26.487078","0",""
"2026-04-28 11:42:31","119.543011","26.487055","10",""
"2026-04-28 11:42:34","119.543028","26.48701","8",""
"2026-04-28 11:42:42","119.54318","26.487003","22",""
"2026-04-28 11:42:45","119.543415","26.48701","32",""
"2026-04-28 11:42:48","119.5437","26.487017","35",""
"2026-04-28 11:42:58","119.544535","26.487027","19",""
"2026-04-28 11:43:04","119.54473","26.487027","0",""
"2026-04-28 11:43:34","119.54485","26.486955","0",""
"2026-04-28 11:43:46","119.544853","26.486851","5",""
"2026-04-28 11:43:57","119.544854","26.486753","0",""
"2026-04-28 11:44:04","119.544854","26.486753","0",""
"2026-04-28 11:44:18","119.545045","26.48665","12",""
"2026-04-28 11:44:34","119.545146","26.486634","0",""
"2026-04-28 11:45:04","119.544978","26.486633","7",""
"2026-04-28 11:45:11","119.544894","26.486685","10",""
"2026-04-28 11:45:14","119.544904","26.486795","16",""
"2026-04-28 11:45:15","119.544908","26.48683","13",""
"2026-04-28 11:45:34","119.544917","26.48693","0",""
"2026-04-28 11:47:04","119.544917","26.48693","0",""
"2026-04-28 11:47:23","119.545259","26.487048","28",""
"2026-04-28 11:47:34","119.546019","26.487061","21",""
"2026-04-28 11:48:04","119.546195","26.487065","0",""
"2026-04-28 11:48:34","119.546195","26.487065","0",""
"2026-04-28 11:49:04","119.550431","26.487078","64",""
"2026-04-28 11:49:34","119.553034","26.48636","0",""
"2026-04-28 11:50:04","119.553034","26.48636","0",""
"2026-04-28 11:50:18","119.553569","26.48655","26",""
"2026-04-28 11:50:34","119.553314","26.48814","28",""
"2026-04-28 11:51:04","119.553055","26.489744","40",""
"2026-04-28 11:51:34","119.552963","26.490515","0",""
"2026-04-28 11:52:04","119.5527","26.49211","36",""
"2026-04-28 11:52:11","119.55266","26.49264","30",""
"2026-04-28 11:52:19","119.552666","26.49314","22",""
"2026-04-28 11:52:23","119.55248","26.493313","17",""
"2026-04-28 11:52:34","119.552441","26.493375","0",""
"2026-04-28 11:52:52","119.55231","26.49377","47",""
"2026-04-28 11:52:55","119.5522","26.494174","60",""
"2026-04-28 11:53:04","119.551794","26.495622","66",""
"2026-04-28 11:53:34","119.550839","26.499693","66",""
"2026-04-28 11:53:36","119.55083","26.500019","64",""
"2026-04-28 11:54:04","119.551762","26.50391","54",""
"2026-04-28 11:54:19","119.552153","26.505114","17",""
"2026-04-28 11:54:22","119.552004","26.505245","26",""
"2026-04-28 11:54:34","119.550386","26.5055","63",""
"2026-04-28 11:54:48","119.547855","26.505575","57",""
"2026-04-28 11:54:54","119.547155","26.505109","53",""
"2026-04-28 11:55:04","119.546195","26.504265","46",""
"2026-04-28 11:55:08","119.545829","26.504061","37",""
"2026-04-28 11:55:34","119.543369","26.50327","34",""
"2026-04-28 11:56:02","119.540077","26.502756","69",""
"2026-04-28 11:56:04","119.539741","26.502929","71",""
"2026-04-28 11:56:22","119.536731","26.503195","60",""
"2026-04-28 11:56:34","119.53473","26.503195","61",""
"2026-04-28 11:56:40","119.533782","26.50347","60",""
"2026-04-28 11:56:55","119.531411","26.503735","54",""
"2026-04-28 11:57:04","119.529934","26.50316","67",""
"2026-04-28 11:57:14","119.528118","26.503354","66",""
"2026-04-28 11:57:34","119.525752","26.505226","60",""
"2026-04-28 11:58:04","119.522154","26.50815","47",""
"2026-04-28 11:58:34","119.518247","26.510715","61",""
"2026-04-28 11:59:04","119.514791","26.514009","61",""
"2026-04-28 11:59:34","119.50953","26.51552","75",""
"2026-04-28 12:00:04","119.504109","26.518375","71",""
"2026-04-28 12:00:16","119.50199","26.51824","73",""
"2026-04-28 12:00:34","119.498733","26.516249","75",""
"2026-04-28 12:00:53","119.495435","26.515377","64",""
"2026-04-28 12:01:04","119.493465","26.51619","74",""
"2026-04-28 12:01:34","119.489056","26.51824","65",""
"2026-04-28 12:01:40","119.488585","26.519085","56",""
"2026-04-28 12:01:43","119.488557","26.519511","59",""
"2026-04-28 12:02:17","119.485093","26.520785","53",""
"2026-04-28 12:02:34","119.483118","26.52248","54",""
"2026-04-28 12:02:35","119.483069","26.522608","51",""
"2026-04-28 12:03:30","119.481832","26.528615","54",""
"2026-04-28 12:03:34","119.481444","26.528925","46",""
"2026-04-28 12:03:37","119.481036","26.528977","54",""
"2026-04-28 12:04:04","119.476296","26.528767","64",""
"2026-04-28 12:04:17","119.474069","26.529133","49",""
"2026-04-28 12:04:33","119.47184","26.529913","64",""
"2026-04-28 12:04:34","119.47167","26.529861","63",""
"2026-04-28 12:04:55","119.468185","26.529851","65",""
"2026-04-28 12:05:04","119.466856","26.530799","70",""
"2026-04-28 12:05:14","119.465177","26.53152","67",""
"2026-04-28 12:05:34","119.461584","26.531822","70",""
"2026-04-28 12:06:04","119.45622","26.533086","61",""
"2026-04-28 12:06:18","119.454207","26.53424","61",""
"2026-04-28 12:06:34","119.451555","26.533875","59",""
"2026-04-28 12:06:44","119.450095","26.5344","64",""
"2026-04-28 12:07:04","119.447102","26.536498","68",""
"2026-04-28 12:07:28","119.443455","26.53862","59",""
"2026-04-28 12:07:34","119.442723","26.539196","52",""
"2026-04-28 12:07:36","119.44248","26.539429","64",""
"2026-04-28 12:08:04","119.4388","26.542335","50",""
"2026-04-28 12:08:07","119.438745","26.542674","44",""
"2026-04-28 12:08:15","119.438096","26.543305","37",""
"2026-04-28 12:08:34","119.437145","26.544578","29",""
"2026-04-28 12:08:38","119.437299","26.5449","38",""
"2026-04-28 12:08:48","119.437264","26.545946","40",""
"2026-04-28 12:08:53","119.43692","26.546295","36",""
"2026-04-28 12:08:57","119.436544","26.54624","37",""
"2026-04-28 12:09:04","119.436049","26.546172","23",""
"2026-04-28 12:09:10","119.436053","26.546696","43",""
"2026-04-28 12:09:13","119.436042","26.547004","42",""
"2026-04-28 12:09:14","119.435995","26.547101","43",""
"2026-04-28 12:09:31","119.435753","26.548407","23",""
"2026-04-28 12:09:34","119.435445","26.548432","37",""
"2026-04-28 12:09:38","119.435042","26.548396","36",""
"2026-04-28 12:09:53","119.433913","26.548224","20",""
"2026-04-28 12:09:56","119.433653","26.548435","37",""
"2026-04-28 12:10:04","119.432665","26.54868","50",""
"2026-04-28 12:10:30","119.430177","26.549669","47",""
"2026-04-28 12:10:34","119.429914","26.55006","43",""
"2026-04-28 12:10:39","119.429845","26.550519","33",""
"2026-04-28 12:11:04","119.428539","26.552914","53",""
"2026-04-28 12:11:14","119.42816","26.553944","37",""
"2026-04-28 12:11:18","119.428517","26.554099","38",""
"2026-04-28 12:11:29","119.429275","26.55477","39",""
"2026-04-28 12:11:34","119.42949","26.555092","31",""
"2026-04-28 12:11:44","119.430217","26.555579","37",""
"2026-04-28 12:12:04","119.432265","26.556672","45",""
"2026-04-28 12:12:08","119.432542","26.557054","45",""
"2026-04-28 12:12:22","119.433811","26.557753","36",""
"2026-04-28 12:12:26","119.434237","26.557603","42",""
"2026-04-28 12:12:34","119.43495","26.557455","28",""
"2026-04-28 12:12:41","119.434858","26.557864","16",""
"2026-04-28 12:12:44","119.434579","26.55804","44",""
"2026-04-28 12:12:46","119.434408","26.558216","49",""
"2026-04-28 12:12:48","119.43424","26.558416","50",""
"2026-04-28 12:12:53","119.433769","26.558858","45",""
"2026-04-28 12:13:04","119.433265","26.559708","30",""
"2026-04-28 12:13:05","119.43316","26.55974","34",""
"2026-04-28 12:13:15","119.432614","26.5605","35",""
"2026-04-28 12:13:17","119.432672","26.560659","33",""
"2026-04-28 12:13:23","119.432885","26.560856","22",""
"2026-04-28 12:13:34","119.43339","26.561481","30",""
"2026-04-28 12:13:41","119.433509","26.561916","26",""
"2026-04-28 12:13:49","119.433504","26.562263","24",""
"2026-04-28 12:14:04","119.43378","26.563169","15",""
"2026-04-28 12:14:07","119.433581","26.563216","24",""
"2026-04-28 12:14:24","119.432793","26.564012","35",""
"2026-04-28 12:14:30","119.432509","26.564444","33",""
"2026-04-28 12:14:34","119.43235","26.564714","30",""
"2026-04-28 12:14:45","119.432186","26.565303","14",""
"2026-04-28 12:14:54","119.432214","26.565733","13",""
"2026-04-28 12:14:56","119.432227","26.565785","9",""
"2026-04-28 12:15:04","119.432227","26.565816","0",""
"2026-04-28 12:16:04","119.432227","26.565816","0",""
"2026-04-28 12:16:24","119.43222","26.565735","5",""
"2026-04-28 12:16:27","119.432222","26.565685","6",""
"2026-04-28 12:16:29","119.432227","26.565656","6",""
"2026-04-28 12:16:34","119.432239","26.565584","5",""
"2026-04-28 12:16:50","119.432232","26.56535","7",""
"2026-04-28 12:16:54","119.432177","26.565329","5",""
"2026-04-28 12:17:04","119.432109","26.565186","18",""
"2026-04-28 12:17:07","119.432182","26.56507","18",""
"2026-04-28 12:17:34","119.432869","26.563562","18",""
"2026-04-28 12:18:04","119.432924","26.563517","0",""
"2026-04-28 12:18:12","119.433023","26.563504","11",""
"2026-04-28 12:18:22","119.433447","26.563295","22",""
"2026-04-28 12:18:34","119.43385","26.562905","16",""
"2026-04-28 12:18:36","119.433807","26.562856","11",""
"2026-04-28 12:18:39","119.433728","26.56278","18",""
"2026-04-28 12:18:48","119.433482","26.562207","27",""
"2026-04-28 12:18:54","119.433475","26.561968","12",""
"2026-04-28 12:19:04","119.433289","26.561498","30",""
"2026-04-28 12:19:25","119.432599","26.560293","36",""
"2026-04-28 12:19:32","119.433008","26.559761","39",""
"2026-04-28 12:19:34","119.433215","26.559695","40",""
"2026-04-28 12:19:45","119.433672","26.558894","37",""
"2026-04-28 12:20:04","119.435021","26.557566","24",""
"2026-04-28 12:20:08","119.43477","26.557432","30",""
"2026-04-28 12:20:11","119.434498","26.557497","36",""
"2026-04-28 12:20:16","119.434025","26.557715","41",""
"2026-04-28 12:20:22","119.433424","26.557715","32",""
"2026-04-28 12:20:27","119.433091","26.557352","35",""
"2026-04-28 12:20:34","119.432412","26.556968","42",""
"2026-04-28 12:20:46","119.431439","26.55629","38",""
"2026-04-28 12:21:04","119.429861","26.55553","34",""
"2026-04-28 12:21:08","119.429651","26.55523","37",""
"2026-04-28 12:21:27","119.428467","26.554103","34",""
"2026-04-28 12:21:34","119.428077","26.553705","36",""
"2026-04-28 12:21:38","119.428206","26.553339","42",""
"2026-04-28 12:22:04","119.429343","26.550992","28",""
"2026-04-28 12:22:31","119.43083","26.548991","37",""
"2026-04-28 12:22:34","119.431138","26.54902","36",""
"2026-04-28 12:23:04","119.43392","26.548148","32",""
"2026-04-28 12:23:13","119.434566","26.548007","32",""
"2026-04-28 12:23:16","119.434822","26.548135","37",""
"2026-04-28 12:23:30","119.435955","26.548228","24",""
"2026-04-28 12:23:33","119.435997","26.54801","29",""
"2026-04-28 12:23:34","119.435965","26.547948","28",""
"2026-04-28 12:23:36","119.435874","26.547826","31",""
"2026-04-28 12:23:49","119.436014","26.546925","32",""
"2026-04-28 12:24:03","119.436355","26.546044","32",""
"2026-04-28 12:24:04","119.436424","26.546091","32",""
"2026-04-28 12:24:06","119.43655","26.546205","32",""
"2026-04-28 12:24:17","119.437252","26.545844","33",""
"2026-04-28 12:24:20","119.437242","26.545597","34",""
"2026-04-28 12:24:34","119.437129","26.544422","33",""
"2026-04-28 12:24:41","119.43759","26.54416","27",""
"2026-04-28 12:24:44","119.43779","26.544087","23",""
"2026-04-28 12:24:52","119.438021","26.543896","8",""
"2026-04-28 12:25:04","119.438016","26.54388","0",""
"2026-04-28 14:39:48","119.438045","26.543965","0",""